iter,method,n,mse_train,mse_val,mse_test,mse_test_m,mse_test_s,R2_train,R2_val,R2_test,R2_test_m,R2_test_s,early_stopping,optimizer,depth,n_epochs,learning_rate,lr,weight_decay,batch_size,type_width,width,n_draws,n_iter_no_change,verbose,mlp_depth,init_type,max_iter,order0,n_trials_no_change,validation_fraction,add_mask,imputation_type,n_features,prop_latent,snr,miss_orig,miss_shift,link,curvature,width_factor,max_leaf_nodes,min_samples_leaf
0,bayes,1000,0.13349936577688937,0.13943279981768386,0.11445042330589324,0.13664761848135495,0.17413074850993515,0.8943014743895666,0.8895333616949679,0.9102433960336868,0.892835466914876,0.8628900642352757,,,,,,,,,,,,,,,,,False,,,,,50,0.3,10,"{'mdm': 'MCAR', 'missing_rate': 0.25}","{'mdm': 'MCAR', 'missing_rate': 0.5}",stairs,20,,,
0,bayes,2000,0.14151868710561732,0.13943279981768386,0.11445042330589324,0.13664761848135495,0.174509878893697,0.894395373894199,0.8895333616949679,0.9102433960336868,0.892835466914876,0.8633175992080664,,,,,,,,,,,,,,,,,False,,,,,50,0.3,10,"{'mdm': 'MCAR', 'missing_rate': 0.25}","{'mdm': 'MCAR', 'missing_rate': 0.5}",stairs,20,,,
0,bayes,4000,0.1445743213482631,0.13943279981768386,0.11445042330589324,0.13664761848135495,0.1764729462621739,0.8926210362170449,0.8895333616949679,0.9102433960336868,0.892835466914876,0.8624661533725423,,,,,,,,,,,,,,,,,False,,,,,50,0.3,10,"{'mdm': 'MCAR', 'missing_rate': 0.25}","{'mdm': 'MCAR', 'missing_rate': 0.5}",stairs,20,,,
0,bayes,8000,0.13875913255038935,0.13943279981768386,0.11445042330589324,0.13664761848135495,0.17719813387014047,0.8938597914365164,0.8895333616949679,0.9102433960336868,0.892835466914876,0.8616660449113335,,,,,,,,,,,,,,,,,False,,,,,50,0.3,10,"{'mdm': 'MCAR', 'missing_rate': 0.25}","{'mdm': 'MCAR', 'missing_rate': 0.5}",stairs,20,,,
0,bayes,16000,0.13839946372570985,0.13943279981768386,0.11445042330589324,0.13664761848135495,0.17804526249179925,0.892416518617184,0.8895333616949679,0.9102433960336868,0.892835466914876,0.860631543789941,,,,,,,,,,,,,,,,,False,,,,,50,0.3,10,"{'mdm': 'MCAR', 'missing_rate': 0.25}","{'mdm': 'MCAR', 'missing_rate': 0.5}",stairs,20,,,
0,bayes,32000,0.1388142909996285,0.13943279981768386,0.11445042330589324,0.13664761848135495,0.17776371197299165,0.89122986616399,0.8895333616949679,0.9102433960336868,0.892835466914876,0.8604633101395573,,,,,,,,,,,,,,,,,False,,,,,50,0.3,10,"{'mdm': 'MCAR', 'missing_rate': 0.25}","{'mdm': 'MCAR', 'missing_rate': 0.5}",stairs,20,,,
0,bayes,64000,0.13868590275751874,0.13943279981768386,0.11445042330589324,0.13664761848135495,0.17873037845875123,0.891736764971809,0.8895333616949679,0.9102433960336868,0.892835466914876,0.8602002009023539,,,,,,,,,,,,,,,,,False,,,,,50,0.3,10,"{'mdm': 'MCAR', 'missing_rate': 0.25}","{'mdm': 'MCAR', 'missing_rate': 0.5}",stairs,20,,,
0,bayes,128000,0.13873799613891083,0.13943279981768386,0.11445042330589324,0.13664761848135495,0.179507976301863,0.8919748444497226,0.8895333616949679,0.9102433960336868,0.892835466914876,0.8600257865156266,,,,,,,,,,,,,,,,,False,,,,,50,0.3,10,"{'mdm': 'MCAR', 'missing_rate': 0.25}","{'mdm': 'MCAR', 'missing_rate': 0.5}",stairs,20,,,
1,bayes,1000,0.15119643918977635,0.15175121355862214,0.1133648342718784,0.14837286580412853,0.19808701728149156,0.8736596805022737,0.8818975067706013,0.910755822111419,0.8831964558082814,0.8465180975106371,,,,,,,,,,,,,,,,,False,,,,,50,0.3,10,"{'mdm': 'MCAR', 'missing_rate': 0.25}","{'mdm': 'MCAR', 'missing_rate': 0.5}",stairs,20,,,
1,bayes,2000,0.15643921767862964,0.15175121355862214,0.1133648342718784,0.14837286580412853,0.19933519535715402,0.8734343939228251,0.8818975067706013,0.910755822111419,0.8831964558082814,0.8453585009308136,,,,,,,,,,,,,,,,,False,,,,,50,0.3,10,"{'mdm': 'MCAR', 'missing_rate': 0.25}","{'mdm': 'MCAR', 'missing_rate': 0.5}",stairs,20,,,
1,bayes,4000,0.15123942400161444,0.15175121355862214,0.1133648342718784,0.14837286580412853,0.1981887656092334,0.8803880232927426,0.8818975067706013,0.910755822111419,0.8831964558082814,0.8462377945351547,,,,,,,,,,,,,,,,,False,,,,,50,0.3,10,"{'mdm': 'MCAR', 'missing_rate': 0.25}","{'mdm': 'MCAR', 'missing_rate': 0.5}",stairs,20,,,
1,bayes,8000,0.15073765188625035,0.15175121355862214,0.1133648342718784,0.14837286580412853,0.1980324185715197,0.8807659738874383,0.8818975067706013,0.910755822111419,0.8831964558082814,0.846124581772963,,,,,,,,,,,,,,,,,False,,,,,50,0.3,10,"{'mdm': 'MCAR', 'missing_rate': 0.25}","{'mdm': 'MCAR', 'missing_rate': 0.5}",stairs,20,,,
1,bayes,16000,0.15134964465069753,0.15175121355862214,0.1133648342718784,0.14837286580412853,0.1979700619635839,0.8788485766961887,0.8818975067706013,0.910755822111419,0.8831964558082814,0.8453319417856799,,,,,,,,,,,,,,,,,False,,,,,50,0.3,10,"{'mdm': 'MCAR', 'missing_rate': 0.25}","{'mdm': 'MCAR', 'missing_rate': 0.5}",stairs,20,,,
1,bayes,32000,0.15194838513142087,0.15175121355862214,0.1133648342718784,0.14837286580412853,0.19954283760914332,0.8792815666907526,0.8818975067706013,0.910755822111419,0.8831964558082814,0.8440807221932631,,,,,,,,,,,,,,,,,False,,,,,50,0.3,10,"{'mdm': 'MCAR', 'missing_rate': 0.25}","{'mdm': 'MCAR', 'missing_rate': 0.5}",stairs,20,,,
1,bayes,64000,0.15221140390334484,0.15175121355862214,0.1133648342718784,0.14837286580412853,0.2004118821239538,0.8795667715193574,0.8818975067706013,0.910755822111419,0.8831964558082814,0.8435294378095659,,,,,,,,,,,,,,,,,False,,,,,50,0.3,10,"{'mdm': 'MCAR', 'missing_rate': 0.25}","{'mdm': 'MCAR', 'missing_rate': 0.5}",stairs,20,,,
1,bayes,128000,0.15006247208934456,0.15175121355862214,0.1133648342718784,0.14837286580412853,0.2019538494381834,0.8811796425430102,0.8818975067706013,0.910755822111419,0.8831964558082814,0.8429971158624566,,,,,,,,,,,,,,,,,False,,,,,50,0.3,10,"{'mdm': 'MCAR', 'missing_rate': 0.25}","{'mdm': 'MCAR', 'missing_rate': 0.5}",stairs,20,,,
2,bayes,1000,0.1646150443108693,0.15095260013881348,0.11767802757957975,0.15107657184093343,0.20248432086452553,0.8742868031539281,0.8830294110400905,0.9074105825239293,0.8811325098767965,0.8425916908673625,,,,,,,,,,,,,,,,,False,,,,,50,0.3,10,"{'mdm': 'MCAR', 'missing_rate': 0.25}","{'mdm': 'MCAR', 'missing_rate': 0.5}",stairs,20,,,
2,bayes,2000,0.15953056778498212,0.15095260013881348,0.11767802757957975,0.15107657184093343,0.20252250480439704,0.8771587005986953,0.8830294110400905,0.9074105825239293,0.8811325098767965,0.8426823605043083,,,,,,,,,,,,,,,,,False,,,,,50,0.3,10,"{'mdm': 'MCAR', 'missing_rate': 0.25}","{'mdm': 'MCAR', 'missing_rate': 0.5}",stairs,20,,,
2,bayes,4000,0.15777268707858472,0.15095260013881348,0.11767802757957975,0.15107657184093343,0.20130253457781594,0.8782656320849628,0.8830294110400905,0.9074105825239293,0.8811325098767965,0.8432166509757019,,,,,,,,,,,,,,,,,False,,,,,50,0.3,10,"{'mdm': 'MCAR', 'missing_rate': 0.25}","{'mdm': 'MCAR', 'missing_rate': 0.5}",stairs,20,,,
2,bayes,8000,0.1557129415956,0.15095260013881348,0.11767802757957975,0.15107657184093343,0.20269334714598783,0.8799658014431304,0.8830294110400905,0.9074105825239293,0.8811325098767965,0.8422807961156178,,,,,,,,,,,,,,,,,False,,,,,50,0.3,10,"{'mdm': 'MCAR', 'missing_rate': 0.25}","{'mdm': 'MCAR', 'missing_rate': 0.5}",stairs,20,,,
2,bayes,16000,0.1539049526322645,0.15095260013881348,0.11767802757957975,0.15107657184093343,0.2014095103705782,0.8802306852200572,0.8830294110400905,0.9074105825239293,0.8811325098767965,0.8428673725142547,,,,,,,,,,,,,,,,,False,,,,,50,0.3,10,"{'mdm': 'MCAR', 'missing_rate': 0.25}","{'mdm': 'MCAR', 'missing_rate': 0.5}",stairs,20,,,
2,bayes,32000,0.15261548317554685,0.15095260013881348,0.11767802757957975,0.15107657184093343,0.2025463767396355,0.8807277108218771,0.8830294110400905,0.9074105825239293,0.8811325098767965,0.8423449484322568,,,,,,,,,,,,,,,,,False,,,,,50,0.3,10,"{'mdm': 'MCAR', 'missing_rate': 0.25}","{'mdm': 'MCAR', 'missing_rate': 0.5}",stairs,20,,,
2,bayes,64000,0.15313965008190497,0.15095260013881348,0.11767802757957975,0.15107657184093343,0.20435610014964667,0.8808048142071385,0.8830294110400905,0.9074105825239293,0.8811325098767965,0.8411847547933506,,,,,,,,,,,,,,,,,False,,,,,50,0.3,10,"{'mdm': 'MCAR', 'missing_rate': 0.25}","{'mdm': 'MCAR', 'missing_rate': 0.5}",stairs,20,,,
2,bayes,128000,0.15259935831304844,0.15095260013881348,0.11767802757957975,0.15107657184093343,0.20403845096665568,0.8810526148296978,0.8830294110400905,0.9074105825239293,0.8811325098767965,0.8411248086153273,,,,,,,,,,,,,,,,,False,,,,,50,0.3,10,"{'mdm': 'MCAR', 'missing_rate': 0.25}","{'mdm': 'MCAR', 'missing_rate': 0.5}",stairs,20,,,
3,bayes,1000,0.17786730530161335,0.17852053187818007,0.11664571029995495,0.1828026260829984,0.23283584168653543,0.8617196005306953,0.8605850385661922,0.9084885257977456,0.8565867723906764,0.8168458305543632,,,,,,,,,,,,,,,,,False,,,,,50,0.3,10,"{'mdm': 'MCAR', 'missing_rate': 0.25}","{'mdm': 'MCAR', 'missing_rate': 0.5}",stairs,20,,,
3,bayes,2000,0.18116283908120148,0.17852053187818007,0.11664571029995495,0.1828026260829984,0.23407107439141447,0.8593059428921965,0.8605850385661922,0.9084885257977456,0.8565867723906764,0.8165233178475082,,,,,,,,,,,,,,,,,False,,,,,50,0.3,10,"{'mdm': 'MCAR', 'missing_rate': 0.25}","{'mdm': 'MCAR', 'missing_rate': 0.5}",stairs,20,,,
3,bayes,4000,0.17728689196272518,0.17852053187818007,0.11664571029995495,0.1828026260829984,0.23338536779675875,0.8646888438166888,0.8605850385661922,0.9084885257977456,0.8565867723906764,0.8178693416921162,,,,,,,,,,,,,,,,,False,,,,,50,0.3,10,"{'mdm': 'MCAR', 'missing_rate': 0.25}","{'mdm': 'MCAR', 'missing_rate': 0.5}",stairs,20,,,
3,bayes,8000,0.17581704955932934,0.17852053187818007,0.11664571029995495,0.1828026260829984,0.23317707095563034,0.8660168151674237,0.8605850385661922,0.9084885257977456,0.8565867723906764,0.8177659113020804,,,,,,,,,,,,,,,,,False,,,,,50,0.3,10,"{'mdm': 'MCAR', 'missing_rate': 0.25}","{'mdm': 'MCAR', 'missing_rate': 0.5}",stairs,20,,,
3,bayes,16000,0.17442462716253226,0.17852053187818007,0.11664571029995495,0.1828026260829984,0.23269280467460238,0.8650547431467364,0.8605850385661922,0.9084885257977456,0.8565867723906764,0.8179228910085171,,,,,,,,,,,,,,,,,False,,,,,50,0.3,10,"{'mdm': 'MCAR', 'missing_rate': 0.25}","{'mdm': 'MCAR', 'missing_rate': 0.5}",stairs,20,,,
3,bayes,32000,0.1781518153295027,0.17852053187818007,0.11664571029995495,0.1828026260829984,0.23225425536676994,0.8622783372074885,0.8605850385661922,0.9084885257977456,0.8565867723906764,0.817998954230812,,,,,,,,,,,,,,,,,False,,,,,50,0.3,10,"{'mdm': 'MCAR', 'missing_rate': 0.25}","{'mdm': 'MCAR', 'missing_rate': 0.5}",stairs,20,,,
3,bayes,64000,0.17836896698078689,0.17852053187818007,0.11664571029995495,0.1828026260829984,0.23072843361250484,0.8612137666904724,0.8605850385661922,0.9084885257977456,0.8565867723906764,0.8191027803508341,,,,,,,,,,,,,,,,,False,,,,,50,0.3,10,"{'mdm': 'MCAR', 'missing_rate': 0.25}","{'mdm': 'MCAR', 'missing_rate': 0.5}",stairs,20,,,
3,bayes,128000,0.1779660826271354,0.17852053187818007,0.11664571029995495,0.1828026260829984,0.23312048804243848,0.8614566107126014,0.8605850385661922,0.9084885257977456,0.8565867723906764,0.8177970909566905,,,,,,,,,,,,,,,,,False,,,,,50,0.3,10,"{'mdm': 'MCAR', 'missing_rate': 0.25}","{'mdm': 'MCAR', 'missing_rate': 0.5}",stairs,20,,,
4,bayes,1000,0.13789237818823738,0.1495421235705367,0.11562274237155097,0.14943821946001443,0.2046985206083672,0.8918496158100788,0.8849544829549905,0.9095267519761637,0.8830665938540047,0.8396415421488802,,,,,,,,,,,,,,,,,False,,,,,50,0.3,10,"{'mdm': 'MCAR', 'missing_rate': 0.25}","{'mdm': 'MCAR', 'missing_rate': 0.5}",stairs,20,,,
4,bayes,2000,0.14527943947593489,0.1495421235705367,0.11562274237155097,0.14943821946001443,0.2043419645210859,0.8847866878973162,0.8849544829549905,0.9095267519761637,0.8830665938540047,0.8400073517010985,,,,,,,,,,,,,,,,,False,,,,,50,0.3,10,"{'mdm': 'MCAR', 'missing_rate': 0.25}","{'mdm': 'MCAR', 'missing_rate': 0.5}",stairs,20,,,
4,bayes,4000,0.14824930685167703,0.1495421235705367,0.11562274237155097,0.14943821946001443,0.20496472289069761,0.8827491830911716,0.8849544829549905,0.9095267519761637,0.8830665938540047,0.83966945212171,,,,,,,,,,,,,,,,,False,,,,,50,0.3,10,"{'mdm': 'MCAR', 'missing_rate': 0.25}","{'mdm': 'MCAR', 'missing_rate': 0.5}",stairs,20,,,
4,bayes,8000,0.15157287756446292,0.1495421235705367,0.11562274237155097,0.14943821946001443,0.20477994121989385,0.8823001836435591,0.8849544829549905,0.9095267519761637,0.8830665938540047,0.8389426109508666,,,,,,,,,,,,,,,,,False,,,,,50,0.3,10,"{'mdm': 'MCAR', 'missing_rate': 0.25}","{'mdm': 'MCAR', 'missing_rate': 0.5}",stairs,20,,,
4,bayes,16000,0.15088078412800693,0.1495421235705367,0.11562274237155097,0.14943821946001443,0.205174565027076,0.8834926279006892,0.8849544829549905,0.9095267519761637,0.8830665938540047,0.839168204339299,,,,,,,,,,,,,,,,,False,,,,,50,0.3,10,"{'mdm': 'MCAR', 'missing_rate': 0.25}","{'mdm': 'MCAR', 'missing_rate': 0.5}",stairs,20,,,
4,bayes,32000,0.1491629127707361,0.1495421235705367,0.11562274237155097,0.14943821946001443,0.20480826100239274,0.8837854346035778,0.8849544829549905,0.9095267519761637,0.8830665938540047,0.8398048139524097,,,,,,,,,,,,,,,,,False,,,,,50,0.3,10,"{'mdm': 'MCAR', 'missing_rate': 0.25}","{'mdm': 'MCAR', 'missing_rate': 0.5}",stairs,20,,,
4,bayes,64000,0.15034016342153336,0.1495421235705367,0.11562274237155097,0.14943821946001443,0.20765733020511246,0.882893972064674,0.8849544829549905,0.9095267519761637,0.8830665938540047,0.8372882917546373,,,,,,,,,,,,,,,,,False,,,,,50,0.3,10,"{'mdm': 'MCAR', 'missing_rate': 0.25}","{'mdm': 'MCAR', 'missing_rate': 0.5}",stairs,20,,,
4,bayes,128000,0.14993917662517697,0.1495421235705367,0.11562274237155097,0.14943821946001443,0.20614730753867344,0.8831524060058451,0.8849544829549905,0.9095267519761637,0.8830665938540047,0.8378691482088522,,,,,,,,,,,,,,,,,False,,,,,50,0.3,10,"{'mdm': 'MCAR', 'missing_rate': 0.25}","{'mdm': 'MCAR', 'missing_rate': 0.5}",stairs,20,,,
5,bayes,1000,0.15088671719151944,0.14180952014466996,0.11811863217896698,0.14422851838365883,0.19552164246571438,0.874947545035885,0.8919405816944939,0.9103568702862926,0.8905414366609605,0.8479929495247723,,,,,,,,,,,,,,,,,False,,,,,50,0.3,10,"{'mdm': 'MCAR', 'missing_rate': 0.25}","{'mdm': 'MCAR', 'missing_rate': 0.5}",stairs,20,,,
5,bayes,2000,0.1458451943782767,0.14180952014466996,0.11811863217896698,0.14422851838365883,0.19556954392044495,0.8857024022311853,0.8919405816944939,0.9103568702862926,0.8905414366609605,0.84773418916619,,,,,,,,,,,,,,,,,False,,,,,50,0.3,10,"{'mdm': 'MCAR', 'missing_rate': 0.25}","{'mdm': 'MCAR', 'missing_rate': 0.5}",stairs,20,,,
5,bayes,4000,0.14334179189291757,0.14180952014466996,0.11811863217896698,0.14422851838365883,0.1954918148036339,0.8883521552171962,0.8919405816944939,0.9103568702862926,0.8905414366609605,0.8476583522106669,,,,,,,,,,,,,,,,,False,,,,,50,0.3,10,"{'mdm': 'MCAR', 'missing_rate': 0.25}","{'mdm': 'MCAR', 'missing_rate': 0.5}",stairs,20,,,
5,bayes,8000,0.14165067839631607,0.14180952014466996,0.11811863217896698,0.14422851838365883,0.19444611854109844,0.8888523700477889,0.8919405816944939,0.9103568702862926,0.8905414366609605,0.8475970992998278,,,,,,,,,,,,,,,,,False,,,,,50,0.3,10,"{'mdm': 'MCAR', 'missing_rate': 0.25}","{'mdm': 'MCAR', 'missing_rate': 0.5}",stairs,20,,,
5,bayes,16000,0.14161003435276348,0.14180952014466996,0.11811863217896698,0.14422851838365883,0.19364398259235885,0.8884094525009929,0.8919405816944939,0.9103568702862926,0.8905414366609605,0.8482787369683651,,,,,,,,,,,,,,,,,False,,,,,50,0.3,10,"{'mdm': 'MCAR', 'missing_rate': 0.25}","{'mdm': 'MCAR', 'missing_rate': 0.5}",stairs,20,,,
5,bayes,32000,0.14229058392951408,0.14180952014466996,0.11811863217896698,0.14422851838365883,0.19421216366770866,0.8875520875334229,0.8919405816944939,0.9103568702862926,0.8905414366609605,0.848609092567598,,,,,,,,,,,,,,,,,False,,,,,50,0.3,10,"{'mdm': 'MCAR', 'missing_rate': 0.25}","{'mdm': 'MCAR', 'missing_rate': 0.5}",stairs,20,,,
5,bayes,64000,0.14190371704590996,0.14180952014466996,0.11811863217896698,0.14422851838365883,0.19430828085424337,0.8880502660564668,0.8919405816944939,0.9103568702862926,0.8905414366609605,0.8489504658492826,,,,,,,,,,,,,,,,,False,,,,,50,0.3,10,"{'mdm': 'MCAR', 'missing_rate': 0.25}","{'mdm': 'MCAR', 'missing_rate': 0.5}",stairs,20,,,
5,bayes,128000,0.1416635402817721,0.14180952014466996,0.11811863217896698,0.14422851838365883,0.19250976317530605,0.8883471907926408,0.8919405816944939,0.9103568702862926,0.8905414366609605,0.8503765291073304,,,,,,,,,,,,,,,,,False,,,,,50,0.3,10,"{'mdm': 'MCAR', 'missing_rate': 0.25}","{'mdm': 'MCAR', 'missing_rate': 0.5}",stairs,20,,,
6,bayes,1000,0.17247512290280792,0.16527683456240205,0.11881356685181686,0.16789478796193116,0.21951176922711638,0.872606076929362,0.8672047383137653,0.9077979141660286,0.8697097472879572,0.8261029363746829,,,,,,,,,,,,,,,,,False,,,,,50,0.3,10,"{'mdm': 'MCAR', 'missing_rate': 0.25}","{'mdm': 'MCAR', 'missing_rate': 0.5}",stairs,20,,,
6,bayes,2000,0.16935995703481183,0.16527683456240205,0.11881356685181686,0.16789478796193116,0.22054216538659083,0.8682877671988256,0.8672047383137653,0.9077979141660286,0.8697097472879572,0.8255398582263758,,,,,,,,,,,,,,,,,False,,,,,50,0.3,10,"{'mdm': 'MCAR', 'missing_rate': 0.25}","{'mdm': 'MCAR', 'missing_rate': 0.5}",stairs,20,,,
6,bayes,4000,0.16449579235097986,0.16527683456240205,0.11881356685181686,0.16789478796193116,0.21976374853571573,0.8677036620994185,0.8672047383137653,0.9077979141660286,0.8697097472879572,0.8262316933664792,,,,,,,,,,,,,,,,,False,,,,,50,0.3,10,"{'mdm': 'MCAR', 'missing_rate': 0.25}","{'mdm': 'MCAR', 'missing_rate': 0.5}",stairs,20,,,
6,bayes,8000,0.1644973244679078,0.16527683456240205,0.11881356685181686,0.16789478796193116,0.22146617343148864,0.8692897843177818,0.8672047383137653,0.9077979141660286,0.8697097472879572,0.8252276407735242,,,,,,,,,,,,,,,,,False,,,,,50,0.3,10,"{'mdm': 'MCAR', 'missing_rate': 0.25}","{'mdm': 'MCAR', 'missing_rate': 0.5}",stairs,20,,,
6,bayes,16000,0.1646141529072481,0.16527683456240205,0.11881356685181686,0.16789478796193116,0.22148642084056422,0.8703379546561761,0.8672047383137653,0.9077979141660286,0.8697097472879572,0.8257536643271132,,,,,,,,,,,,,,,,,False,,,,,50,0.3,10,"{'mdm': 'MCAR', 'missing_rate': 0.25}","{'mdm': 'MCAR', 'missing_rate': 0.5}",stairs,20,,,
6,bayes,32000,0.16658197413957698,0.16527683456240205,0.11881356685181686,0.16789478796193116,0.22284733216772043,0.8685318974293635,0.8672047383137653,0.9077979141660286,0.8697097472879572,0.8256472631007112,,,,,,,,,,,,,,,,,False,,,,,50,0.3,10,"{'mdm': 'MCAR', 'missing_rate': 0.25}","{'mdm': 'MCAR', 'missing_rate': 0.5}",stairs,20,,,
6,bayes,64000,0.16587339286608097,0.16527683456240205,0.11881356685181686,0.16789478796193116,0.2202272785263416,0.8691469192220613,0.8672047383137653,0.9077979141660286,0.8697097472879572,0.8264088961553565,,,,,,,,,,,,,,,,,False,,,,,50,0.3,10,"{'mdm': 'MCAR', 'missing_rate': 0.25}","{'mdm': 'MCAR', 'missing_rate': 0.5}",stairs,20,,,
6,bayes,128000,0.16598307651853136,0.16527683456240205,0.11881356685181686,0.16789478796193116,0.22153462924721193,0.869833727667086,0.8672047383137653,0.9077979141660286,0.8697097472879572,0.8261303823172682,,,,,,,,,,,,,,,,,False,,,,,50,0.3,10,"{'mdm': 'MCAR', 'missing_rate': 0.25}","{'mdm': 'MCAR', 'missing_rate': 0.5}",stairs,20,,,
7,bayes,1000,0.16220863962336501,0.16205916377650442,0.11416247641897112,0.15698947214235154,0.20640195187913477,0.870148965056144,0.8704250137284296,0.9109668287118429,0.8775668590755564,0.8395015156324472,,,,,,,,,,,,,,,,,False,,,,,50,0.3,10,"{'mdm': 'MCAR', 'missing_rate': 0.25}","{'mdm': 'MCAR', 'missing_rate': 0.5}",stairs,20,,,
7,bayes,2000,0.16685457031713016,0.16205916377650442,0.11416247641897112,0.15698947214235154,0.20723992531028207,0.8688229798868153,0.8704250137284296,0.9109668287118429,0.8775668590755564,0.8387390131079189,,,,,,,,,,,,,,,,,False,,,,,50,0.3,10,"{'mdm': 'MCAR', 'missing_rate': 0.25}","{'mdm': 'MCAR', 'missing_rate': 0.5}",stairs,20,,,
7,bayes,4000,0.16751940345699862,0.16205916377650442,0.11416247641897112,0.15698947214235154,0.2066216094048962,0.867183363120621,0.8704250137284296,0.9109668287118429,0.8775668590755564,0.8379807613735664,,,,,,,,,,,,,,,,,False,,,,,50,0.3,10,"{'mdm': 'MCAR', 'missing_rate': 0.25}","{'mdm': 'MCAR', 'missing_rate': 0.5}",stairs,20,,,
7,bayes,8000,0.16054395204218436,0.16205916377650442,0.11416247641897112,0.15698947214235154,0.20671598485070844,0.8734336753437258,0.8704250137284296,0.9109668287118429,0.8775668590755564,0.8383889989257979,,,,,,,,,,,,,,,,,False,,,,,50,0.3,10,"{'mdm': 'MCAR', 'missing_rate': 0.25}","{'mdm': 'MCAR', 'missing_rate': 0.5}",stairs,20,,,
7,bayes,16000,0.16208228597187888,0.16205916377650442,0.11416247641897112,0.15698947214235154,0.2061141181838464,0.8723754002513997,0.8704250137284296,0.9109668287118429,0.8775668590755564,0.8387068812831208,,,,,,,,,,,,,,,,,False,,,,,50,0.3,10,"{'mdm': 'MCAR', 'missing_rate': 0.25}","{'mdm': 'MCAR', 'missing_rate': 0.5}",stairs,20,,,
7,bayes,32000,0.16350180490632685,0.16205916377650442,0.11416247641897112,0.15698947214235154,0.20641860192480113,0.8733025116324507,0.8704250137284296,0.9109668287118429,0.8775668590755564,0.8380172692084671,,,,,,,,,,,,,,,,,False,,,,,50,0.3,10,"{'mdm': 'MCAR', 'missing_rate': 0.25}","{'mdm': 'MCAR', 'missing_rate': 0.5}",stairs,20,,,
7,bayes,64000,0.16079447131628277,0.16205916377650442,0.11416247641897112,0.15698947214235154,0.2082323547089352,0.8742674939092739,0.8704250137284296,0.9109668287118429,0.8775668590755564,0.8369661548957658,,,,,,,,,,,,,,,,,False,,,,,50,0.3,10,"{'mdm': 'MCAR', 'missing_rate': 0.25}","{'mdm': 'MCAR', 'missing_rate': 0.5}",stairs,20,,,
7,bayes,128000,0.15992788900147759,0.16205916377650442,0.11416247641897112,0.15698947214235154,0.20864343421185558,0.8746620130266185,0.8704250137284296,0.9109668287118429,0.8775668590755564,0.836810393439403,,,,,,,,,,,,,,,,,False,,,,,50,0.3,10,"{'mdm': 'MCAR', 'missing_rate': 0.25}","{'mdm': 'MCAR', 'missing_rate': 0.5}",stairs,20,,,
8,bayes,1000,0.15858752708143964,0.1636588776770628,0.11590374956324645,0.16139661251538379,0.2181957378265138,0.8751656233621714,0.8728966958197293,0.9084298607457658,0.8724880744679386,0.8290695465419103,,,,,,,,,,,,,,,,,False,,,,,50,0.3,10,"{'mdm': 'MCAR', 'missing_rate': 0.25}","{'mdm': 'MCAR', 'missing_rate': 0.5}",stairs,20,,,
8,bayes,2000,0.15461843715207796,0.1636588776770628,0.11590374956324645,0.16139661251538379,0.21836503198108886,0.8724575699388375,0.8728966958197293,0.9084298607457658,0.8724880744679386,0.8290667489168051,,,,,,,,,,,,,,,,,False,,,,,50,0.3,10,"{'mdm': 'MCAR', 'missing_rate': 0.25}","{'mdm': 'MCAR', 'missing_rate': 0.5}",stairs,20,,,
8,bayes,4000,0.1545561392254878,0.1636588776770628,0.11590374956324645,0.16139661251538379,0.21926596893613137,0.8745460014366149,0.8728966958197293,0.9084298607457658,0.8724880744679386,0.8284898238265446,,,,,,,,,,,,,,,,,False,,,,,50,0.3,10,"{'mdm': 'MCAR', 'missing_rate': 0.25}","{'mdm': 'MCAR', 'missing_rate': 0.5}",stairs,20,,,
8,bayes,8000,0.15746577280326268,0.1636588776770628,0.11590374956324645,0.16139661251538379,0.219129926973326,0.8763463321494154,0.8728966958197293,0.9084298607457658,0.8724880744679386,0.827979738333398,,,,,,,,,,,,,,,,,False,,,,,50,0.3,10,"{'mdm': 'MCAR', 'missing_rate': 0.25}","{'mdm': 'MCAR', 'missing_rate': 0.5}",stairs,20,,,
8,bayes,16000,0.15802364078256648,0.1636588776770628,0.11590374956324645,0.16139661251538379,0.2200036410764301,0.8779787482446578,0.8728966958197293,0.9084298607457658,0.8724880744679386,0.8280363283199603,,,,,,,,,,,,,,,,,False,,,,,50,0.3,10,"{'mdm': 'MCAR', 'missing_rate': 0.25}","{'mdm': 'MCAR', 'missing_rate': 0.5}",stairs,20,,,
8,bayes,32000,0.1579537763466622,0.1636588776770628,0.11590374956324645,0.16139661251538379,0.21907131126075752,0.877288185318487,0.8728966958197293,0.9084298607457658,0.8724880744679386,0.8281091840275037,,,,,,,,,,,,,,,,,False,,,,,50,0.3,10,"{'mdm': 'MCAR', 'missing_rate': 0.25}","{'mdm': 'MCAR', 'missing_rate': 0.5}",stairs,20,,,
8,bayes,64000,0.15818128636422987,0.1636588776770628,0.11590374956324645,0.16139661251538379,0.21992407678845574,0.8767507244194415,0.8728966958197293,0.9084298607457658,0.8724880744679386,0.8269789031443913,,,,,,,,,,,,,,,,,False,,,,,50,0.3,10,"{'mdm': 'MCAR', 'missing_rate': 0.25}","{'mdm': 'MCAR', 'missing_rate': 0.5}",stairs,20,,,
8,bayes,128000,0.15913213265697412,0.1636588776770628,0.11590374956324645,0.16139661251538379,0.21983185993453855,0.8757120476499147,0.8728966958197293,0.9084298607457658,0.8724880744679386,0.82775070863025,,,,,,,,,,,,,,,,,False,,,,,50,0.3,10,"{'mdm': 'MCAR', 'missing_rate': 0.25}","{'mdm': 'MCAR', 'missing_rate': 0.5}",stairs,20,,,
9,bayes,1000,0.15113734249096647,0.1498524788874292,0.11718781440773496,0.14893645358263596,0.19522060099176441,0.8848689953290153,0.8800307060915036,0.9073226103178106,0.8822143597751901,0.847979945531218,,,,,,,,,,,,,,,,,False,,,,,50,0.3,10,"{'mdm': 'MCAR', 'missing_rate': 0.25}","{'mdm': 'MCAR', 'missing_rate': 0.5}",stairs,20,,,
9,bayes,2000,0.1474020472486909,0.1498524788874292,0.11718781440773496,0.14893645358263596,0.1948624984524833,0.8870036674139967,0.8800307060915036,0.9073226103178106,0.8822143597751901,0.8483162305204903,,,,,,,,,,,,,,,,,False,,,,,50,0.3,10,"{'mdm': 'MCAR', 'missing_rate': 0.25}","{'mdm': 'MCAR', 'missing_rate': 0.5}",stairs,20,,,
9,bayes,4000,0.14431411517031312,0.1498524788874292,0.11718781440773496,0.14893645358263596,0.19568470497574086,0.8853723655219883,0.8800307060915036,0.9073226103178106,0.8822143597751901,0.847615017567715,,,,,,,,,,,,,,,,,False,,,,,50,0.3,10,"{'mdm': 'MCAR', 'missing_rate': 0.25}","{'mdm': 'MCAR', 'missing_rate': 0.5}",stairs,20,,,
9,bayes,8000,0.14570185789356047,0.1498524788874292,0.11718781440773496,0.14893645358263596,0.19567720274937073,0.8832006399526471,0.8800307060915036,0.9073226103178106,0.8822143597751901,0.8482024683530832,,,,,,,,,,,,,,,,,False,,,,,50,0.3,10,"{'mdm': 'MCAR', 'missing_rate': 0.25}","{'mdm': 'MCAR', 'missing_rate': 0.5}",stairs,20,,,
9,bayes,16000,0.1464604478866225,0.1498524788874292,0.11718781440773496,0.14893645358263596,0.19418915743380696,0.8827798471005571,0.8800307060915036,0.9073226103178106,0.8822143597751901,0.8483621601693446,,,,,,,,,,,,,,,,,False,,,,,50,0.3,10,"{'mdm': 'MCAR', 'missing_rate': 0.25}","{'mdm': 'MCAR', 'missing_rate': 0.5}",stairs,20,,,
9,bayes,32000,0.14665190742511117,0.1498524788874292,0.11718781440773496,0.14893645358263596,0.1943916015104253,0.8838936548824998,0.8800307060915036,0.9073226103178106,0.8822143597751901,0.8478134044609791,,,,,,,,,,,,,,,,,False,,,,,50,0.3,10,"{'mdm': 'MCAR', 'missing_rate': 0.25}","{'mdm': 'MCAR', 'missing_rate': 0.5}",stairs,20,,,
9,bayes,64000,0.14626195958293484,0.1498524788874292,0.11718781440773496,0.14893645358263596,0.19366090668612376,0.8850156064651897,0.8800307060915036,0.9073226103178106,0.8822143597751901,0.8486457116510291,,,,,,,,,,,,,,,,,False,,,,,50,0.3,10,"{'mdm': 'MCAR', 'missing_rate': 0.25}","{'mdm': 'MCAR', 'missing_rate': 0.5}",stairs,20,,,
9,bayes,128000,0.14799008078860992,0.1498524788874292,0.11718781440773496,0.14893645358263596,0.19399867849706687,0.8841759105446114,0.8800307060915036,0.9073226103178106,0.8822143597751901,0.8485747464255029,,,,,,,,,,,,,,,,,False,,,,,50,0.3,10,"{'mdm': 'MCAR', 'missing_rate': 0.25}","{'mdm': 'MCAR', 'missing_rate': 0.5}",stairs,20,,,
0,bayes,1000,0.23039144451512983,0.22089070610639464,0.11530341410618211,0.21756037429093586,0.48159802201171564,0.8219350225085458,0.8258690161325339,0.9104870466551584,0.8311023850893356,0.6240102033321484,,,,,,,,,,,,,,,,,False,,,,,50,0.7,10,"{'mdm': 'MCAR', 'missing_rate': 0.25}","{'mdm': 'MCAR', 'missing_rate': 0.5}",stairs,20,,,
0,bayes,2000,0.23740013718964095,0.22089070610639464,0.11530341410618211,0.21756037429093586,0.4824051152148568,0.8180810159293704,0.8258690161325339,0.9104870466551584,0.8311023850893356,0.6238607158653298,,,,,,,,,,,,,,,,,False,,,,,50,0.7,10,"{'mdm': 'MCAR', 'missing_rate': 0.25}","{'mdm': 'MCAR', 'missing_rate': 0.5}",stairs,20,,,
0,bayes,4000,0.22793940871504162,0.22089070610639464,0.11530341410618211,0.21756037429093586,0.48137476427767123,0.8216360867565654,0.8258690161325339,0.9104870466551584,0.8311023850893356,0.6238780906227295,,,,,,,,,,,,,,,,,False,,,,,50,0.7,10,"{'mdm': 'MCAR', 'missing_rate': 0.25}","{'mdm': 'MCAR', 'missing_rate': 0.5}",stairs,20,,,
0,bayes,8000,0.22346353191537677,0.22089070610639464,0.11530341410618211,0.21756037429093586,0.47926272143562787,0.8231863538944858,0.8258690161325339,0.9104870466551584,0.8311023850893356,0.6242546274964723,,,,,,,,,,,,,,,,,False,,,,,50,0.7,10,"{'mdm': 'MCAR', 'missing_rate': 0.25}","{'mdm': 'MCAR', 'missing_rate': 0.5}",stairs,20,,,
0,bayes,16000,0.22390172507250117,0.22089070610639464,0.11530341410618211,0.21756037429093586,0.4797341527000895,0.8236823857664538,0.8258690161325339,0.9104870466551584,0.8311023850893356,0.6239166447503725,,,,,,,,,,,,,,,,,False,,,,,50,0.7,10,"{'mdm': 'MCAR', 'missing_rate': 0.25}","{'mdm': 'MCAR', 'missing_rate': 0.5}",stairs,20,,,
0,bayes,32000,0.22344025018220812,0.22089070610639464,0.11530341410618211,0.21756037429093586,0.48239176280006235,0.8245593366076727,0.8258690161325339,0.9104870466551584,0.8311023850893356,0.6219920220922486,,,,,,,,,,,,,,,,,False,,,,,50,0.7,10,"{'mdm': 'MCAR', 'missing_rate': 0.25}","{'mdm': 'MCAR', 'missing_rate': 0.5}",stairs,20,,,
0,bayes,64000,0.22168218773177148,0.22089070610639464,0.11530341410618211,0.21756037429093586,0.48147394344906275,0.8253662431497003,0.8258690161325339,0.9104870466551584,0.8311023850893356,0.6214838467947943,,,,,,,,,,,,,,,,,False,,,,,50,0.7,10,"{'mdm': 'MCAR', 'missing_rate': 0.25}","{'mdm': 'MCAR', 'missing_rate': 0.5}",stairs,20,,,
0,bayes,128000,0.22100190439446094,0.22089070610639464,0.11530341410618211,0.21756037429093586,0.47945311090722936,0.826769636183437,0.8258690161325339,0.9104870466551584,0.8311023850893356,0.6243638320335066,,,,,,,,,,,,,,,,,False,,,,,50,0.7,10,"{'mdm': 'MCAR', 'missing_rate': 0.25}","{'mdm': 'MCAR', 'missing_rate': 0.5}",stairs,20,,,
1,bayes,1000,0.20565096733249982,0.20623759546824114,0.11551386129660755,0.20553327614750902,0.4649791335793218,0.829338908910253,0.8437241118265488,0.9102638045264242,0.8403328047589128,0.6351784820529582,,,,,,,,,,,,,,,,,False,,,,,50,0.7,10,"{'mdm': 'MCAR', 'missing_rate': 0.25}","{'mdm': 'MCAR', 'missing_rate': 0.5}",stairs,20,,,
1,bayes,2000,0.19739881805861598,0.20623759546824114,0.11551386129660755,0.20553327614750902,0.46453868768726136,0.839906658779844,0.8437241118265488,0.9102638045264242,0.8403328047589128,0.6359701486654831,,,,,,,,,,,,,,,,,False,,,,,50,0.7,10,"{'mdm': 'MCAR', 'missing_rate': 0.25}","{'mdm': 'MCAR', 'missing_rate': 0.5}",stairs,20,,,
1,bayes,4000,0.19714090200935158,0.20623759546824114,0.11551386129660755,0.20553327614750902,0.46410240261950236,0.8415676434290077,0.8437241118265488,0.9102638045264242,0.8403328047589128,0.6360253666289544,,,,,,,,,,,,,,,,,False,,,,,50,0.7,10,"{'mdm': 'MCAR', 'missing_rate': 0.25}","{'mdm': 'MCAR', 'missing_rate': 0.5}",stairs,20,,,
1,bayes,8000,0.20261987231126063,0.20623759546824114,0.11551386129660755,0.20553327614750902,0.4633099902169173,0.8384705084821985,0.8437241118265488,0.9102638045264242,0.8403328047589128,0.6362891451156177,,,,,,,,,,,,,,,,,False,,,,,50,0.7,10,"{'mdm': 'MCAR', 'missing_rate': 0.25}","{'mdm': 'MCAR', 'missing_rate': 0.5}",stairs,20,,,
1,bayes,16000,0.20721020890153682,0.20623759546824114,0.11551386129660755,0.20553327614750902,0.4649642828298782,0.8382235687841105,0.8437241118265488,0.9102638045264242,0.8403328047589128,0.635963679317364,,,,,,,,,,,,,,,,,False,,,,,50,0.7,10,"{'mdm': 'MCAR', 'missing_rate': 0.25}","{'mdm': 'MCAR', 'missing_rate': 0.5}",stairs,20,,,
1,bayes,32000,0.20811611418500692,0.20623759546824114,0.11551386129660755,0.20553327614750902,0.4658362123788675,0.8372639551843878,0.8437241118265488,0.9102638045264242,0.8403328047589128,0.6380522252287897,,,,,,,,,,,,,,,,,False,,,,,50,0.7,10,"{'mdm': 'MCAR', 'missing_rate': 0.25}","{'mdm': 'MCAR', 'missing_rate': 0.5}",stairs,20,,,
1,bayes,64000,0.20836133320503272,0.20623759546824114,0.11551386129660755,0.20553327614750902,0.4644172003327888,0.8367402266595547,0.8437241118265488,0.9102638045264242,0.8403328047589128,0.6400444842548481,,,,,,,,,,,,,,,,,False,,,,,50,0.7,10,"{'mdm': 'MCAR', 'missing_rate': 0.25}","{'mdm': 'MCAR', 'missing_rate': 0.5}",stairs,20,,,
1,bayes,128000,0.20776044271488,0.20623759546824114,0.11551386129660755,0.20553327614750902,0.4620857688301519,0.8370430599905074,0.8437241118265488,0.9102638045264242,0.8403328047589128,0.6391835716384329,,,,,,,,,,,,,,,,,False,,,,,50,0.7,10,"{'mdm': 'MCAR', 'missing_rate': 0.25}","{'mdm': 'MCAR', 'missing_rate': 0.5}",stairs,20,,,
2,bayes,1000,0.22687868812747664,0.2060650889482652,0.11743342046406706,0.21470949042286946,0.48042512361509093,0.8191504074714226,0.841218410349533,0.90849469890402,0.8326962078455271,0.6200656632646019,,,,,,,,,,,,,,,,,False,,,,,50,0.7,10,"{'mdm': 'MCAR', 'missing_rate': 0.25}","{'mdm': 'MCAR', 'missing_rate': 0.5}",stairs,20,,,
2,bayes,2000,0.21189591635150168,0.2060650889482652,0.11743342046406706,0.21470949042286946,0.4790646047162915,0.8350738489304693,0.841218410349533,0.90849469890402,0.8326962078455271,0.6213090739014129,,,,,,,,,,,,,,,,,False,,,,,50,0.7,10,"{'mdm': 'MCAR', 'missing_rate': 0.25}","{'mdm': 'MCAR', 'missing_rate': 0.5}",stairs,20,,,
2,bayes,4000,0.2037760653688625,0.2060650889482652,0.11743342046406706,0.21470949042286946,0.4805751432627999,0.8399071622423332,0.841218410349533,0.90849469890402,0.8326962078455271,0.6203485115466966,,,,,,,,,,,,,,,,,False,,,,,50,0.7,10,"{'mdm': 'MCAR', 'missing_rate': 0.25}","{'mdm': 'MCAR', 'missing_rate': 0.5}",stairs,20,,,
2,bayes,8000,0.20356465888486508,0.2060650889482652,0.11743342046406706,0.21470949042286946,0.4826839699971699,0.8428440586900001,0.841218410349533,0.90849469890402,0.8326962078455271,0.6195097040700897,,,,,,,,,,,,,,,,,False,,,,,50,0.7,10,"{'mdm': 'MCAR', 'missing_rate': 0.25}","{'mdm': 'MCAR', 'missing_rate': 0.5}",stairs,20,,,
2,bayes,16000,0.20482757402737678,0.2060650889482652,0.11743342046406706,0.21470949042286946,0.48319612248595734,0.8420625408926896,0.841218410349533,0.90849469890402,0.8326962078455271,0.6199245699789007,,,,,,,,,,,,,,,,,False,,,,,50,0.7,10,"{'mdm': 'MCAR', 'missing_rate': 0.25}","{'mdm': 'MCAR', 'missing_rate': 0.5}",stairs,20,,,
2,bayes,32000,0.20583310805708654,0.2060650889482652,0.11743342046406706,0.21470949042286946,0.48215338027921817,0.8398488324173092,0.841218410349533,0.90849469890402,0.8326962078455271,0.6201314860948111,,,,,,,,,,,,,,,,,False,,,,,50,0.7,10,"{'mdm': 'MCAR', 'missing_rate': 0.25}","{'mdm': 'MCAR', 'missing_rate': 0.5}",stairs,20,,,
2,bayes,64000,0.20629994258349438,0.2060650889482652,0.11743342046406706,0.21470949042286946,0.48081114486995663,0.8390456969210245,0.841218410349533,0.90849469890402,0.8326962078455271,0.6222591054053341,,,,,,,,,,,,,,,,,False,,,,,50,0.7,10,"{'mdm': 'MCAR', 'missing_rate': 0.25}","{'mdm': 'MCAR', 'missing_rate': 0.5}",stairs,20,,,
2,bayes,128000,0.20858252379444045,0.2060650889482652,0.11743342046406706,0.21470949042286946,0.48284838377481953,0.8368819973734715,0.841218410349533,0.90849469890402,0.8326962078455271,0.6223224795156513,,,,,,,,,,,,,,,,,False,,,,,50,0.7,10,"{'mdm': 'MCAR', 'missing_rate': 0.25}","{'mdm': 'MCAR', 'missing_rate': 0.5}",stairs,20,,,
3,bayes,1000,0.21245365369006006,0.1954608751124794,0.11431191226894762,0.203887424224502,0.46258135499563946,0.8172257064365327,0.8468202041292504,0.9089429727623267,0.837590130612549,0.6352401985179523,,,,,,,,,,,,,,,,,False,,,,,50,0.7,10,"{'mdm': 'MCAR', 'missing_rate': 0.25}","{'mdm': 'MCAR', 'missing_rate': 0.5}",stairs,20,,,
3,bayes,2000,0.20845460261236878,0.1954608751124794,0.11431191226894762,0.203887424224502,0.46269267098054895,0.826809535175737,0.8468202041292504,0.9089429727623267,0.837590130612549,0.6352023311351671,,,,,,,,,,,,,,,,,False,,,,,50,0.7,10,"{'mdm': 'MCAR', 'missing_rate': 0.25}","{'mdm': 'MCAR', 'missing_rate': 0.5}",stairs,20,,,
3,bayes,4000,0.20271600168210757,0.1954608751124794,0.11431191226894762,0.203887424224502,0.46091822716290115,0.8371035997488218,0.8468202041292504,0.9089429727623267,0.837590130612549,0.6375043339663116,,,,,,,,,,,,,,,,,False,,,,,50,0.7,10,"{'mdm': 'MCAR', 'missing_rate': 0.25}","{'mdm': 'MCAR', 'missing_rate': 0.5}",stairs,20,,,
3,bayes,8000,0.20294286810923728,0.1954608751124794,0.11431191226894762,0.203887424224502,0.46034763850059385,0.8383184997121591,0.8468202041292504,0.9089429727623267,0.837590130612549,0.638649548609499,,,,,,,,,,,,,,,,,False,,,,,50,0.7,10,"{'mdm': 'MCAR', 'missing_rate': 0.25}","{'mdm': 'MCAR', 'missing_rate': 0.5}",stairs,20,,,
3,bayes,16000,0.1996722063941039,0.1954608751124794,0.11431191226894762,0.203887424224502,0.458478131430093,0.8415858200863284,0.8468202041292504,0.9089429727623267,0.837590130612549,0.6399173222529835,,,,,,,,,,,,,,,,,False,,,,,50,0.7,10,"{'mdm': 'MCAR', 'missing_rate': 0.25}","{'mdm': 'MCAR', 'missing_rate': 0.5}",stairs,20,,,
3,bayes,32000,0.19965893336267743,0.1954608751124794,0.11431191226894762,0.203887424224502,0.46034275019689813,0.842973757210886,0.8468202041292504,0.9089429727623267,0.837590130612549,0.6388406474974966,,,,,,,,,,,,,,,,,False,,,,,50,0.7,10,"{'mdm': 'MCAR', 'missing_rate': 0.25}","{'mdm': 'MCAR', 'missing_rate': 0.5}",stairs,20,,,
3,bayes,64000,0.2005303630358519,0.1954608751124794,0.11431191226894762,0.203887424224502,0.4584502170236171,0.8417834689158286,0.8468202041292504,0.9089429727623267,0.837590130612549,0.6412077152149359,,,,,,,,,,,,,,,,,False,,,,,50,0.7,10,"{'mdm': 'MCAR', 'missing_rate': 0.25}","{'mdm': 'MCAR', 'missing_rate': 0.5}",stairs,20,,,
3,bayes,128000,0.20015283838496672,0.1954608751124794,0.11431191226894762,0.203887424224502,0.4608516625375959,0.8428312335417073,0.8468202041292504,0.9089429727623267,0.837590130612549,0.6404680599761343,,,,,,,,,,,,,,,,,False,,,,,50,0.7,10,"{'mdm': 'MCAR', 'missing_rate': 0.25}","{'mdm': 'MCAR', 'missing_rate': 0.5}",stairs,20,,,
4,bayes,1000,0.20272622752892014,0.22188093258865788,0.11387207846885705,0.2233993936108527,0.47582030879375714,0.8452472779443092,0.8265209505035401,0.9107029935259421,0.824813094080611,0.6263222362569582,,,,,,,,,,,,,,,,,False,,,,,50,0.7,10,"{'mdm': 'MCAR', 'missing_rate': 0.25}","{'mdm': 'MCAR', 'missing_rate': 0.5}",stairs,20,,,
4,bayes,2000,0.22071885156482834,0.22188093258865788,0.11387207846885705,0.2233993936108527,0.47510430242763885,0.8291082279141564,0.8265209505035401,0.9107029935259421,0.824813094080611,0.6269528278023424,,,,,,,,,,,,,,,,,False,,,,,50,0.7,10,"{'mdm': 'MCAR', 'missing_rate': 0.25}","{'mdm': 'MCAR', 'missing_rate': 0.5}",stairs,20,,,
4,bayes,4000,0.21901064019482624,0.22188093258865788,0.11387207846885705,0.2233993936108527,0.47765435202901985,0.8272905275530453,0.8265209505035401,0.9107029935259421,0.824813094080611,0.625156627270999,,,,,,,,,,,,,,,,,False,,,,,50,0.7,10,"{'mdm': 'MCAR', 'missing_rate': 0.25}","{'mdm': 'MCAR', 'missing_rate': 0.5}",stairs,20,,,
4,bayes,8000,0.22231259401017894,0.22188093258865788,0.11387207846885705,0.2233993936108527,0.4741533036720938,0.8253354609128857,0.8265209505035401,0.9107029935259421,0.824813094080611,0.626407165162594,,,,,,,,,,,,,,,,,False,,,,,50,0.7,10,"{'mdm': 'MCAR', 'missing_rate': 0.25}","{'mdm': 'MCAR', 'missing_rate': 0.5}",stairs,20,,,
4,bayes,16000,0.22402177805021678,0.22188093258865788,0.11387207846885705,0.2233993936108527,0.47452825799614634,0.8248868546035178,0.8265209505035401,0.9107029935259421,0.824813094080611,0.626726427043651,,,,,,,,,,,,,,,,,False,,,,,50,0.7,10,"{'mdm': 'MCAR', 'missing_rate': 0.25}","{'mdm': 'MCAR', 'missing_rate': 0.5}",stairs,20,,,
4,bayes,32000,0.22320822323466108,0.22188093258865788,0.11387207846885705,0.2233993936108527,0.4764092366568176,0.8268595686350084,0.8265209505035401,0.9107029935259421,0.824813094080611,0.6278024997214344,,,,,,,,,,,,,,,,,False,,,,,50,0.7,10,"{'mdm': 'MCAR', 'missing_rate': 0.25}","{'mdm': 'MCAR', 'missing_rate': 0.5}",stairs,20,,,
4,bayes,64000,0.22495166756379972,0.22188093258865788,0.11387207846885705,0.2233993936108527,0.47772575951582025,0.824727261315874,0.8265209505035401,0.9107029935259421,0.824813094080611,0.627680597197783,,,,,,,,,,,,,,,,,False,,,,,50,0.7,10,"{'mdm': 'MCAR', 'missing_rate': 0.25}","{'mdm': 'MCAR', 'missing_rate': 0.5}",stairs,20,,,
4,bayes,128000,0.22362950839837473,0.22188093258865788,0.11387207846885705,0.2233993936108527,0.47833769635838924,0.8257849608048866,0.8265209505035401,0.9107029935259421,0.824813094080611,0.6267445761641128,,,,,,,,,,,,,,,,,False,,,,,50,0.7,10,"{'mdm': 'MCAR', 'missing_rate': 0.25}","{'mdm': 'MCAR', 'missing_rate': 0.5}",stairs,20,,,
5,bayes,1000,0.22882634101955715,0.21299072060519794,0.11617096448268976,0.21704345901873448,0.49989822229524206,0.8249218103305587,0.8287571501900155,0.9097926926010587,0.8314647200028207,0.6112271070908946,,,,,,,,,,,,,,,,,False,,,,,50,0.7,10,"{'mdm': 'MCAR', 'missing_rate': 0.25}","{'mdm': 'MCAR', 'missing_rate': 0.5}",stairs,20,,,
5,bayes,2000,0.21872740804204988,0.21299072060519794,0.11617096448268976,0.21704345901873448,0.5000128796040427,0.8347676088478901,0.8287571501900155,0.9097926926010587,0.8314647200028207,0.6113579783502823,,,,,,,,,,,,,,,,,False,,,,,50,0.7,10,"{'mdm': 'MCAR', 'missing_rate': 0.25}","{'mdm': 'MCAR', 'missing_rate': 0.5}",stairs,20,,,
5,bayes,4000,0.21531924568427319,0.21299072060519794,0.11617096448268976,0.21704345901873448,0.4992281471830767,0.8356019339151777,0.8287571501900155,0.9097926926010587,0.8314647200028207,0.6100541459477036,,,,,,,,,,,,,,,,,False,,,,,50,0.7,10,"{'mdm': 'MCAR', 'missing_rate': 0.25}","{'mdm': 'MCAR', 'missing_rate': 0.5}",stairs,20,,,
5,bayes,8000,0.2158158037073173,0.21299072060519794,0.11617096448268976,0.21704345901873448,0.49658397361882917,0.8345830771489139,0.8287571501900155,0.9097926926010587,0.8314647200028207,0.6118688710916397,,,,,,,,,,,,,,,,,False,,,,,50,0.7,10,"{'mdm': 'MCAR', 'missing_rate': 0.25}","{'mdm': 'MCAR', 'missing_rate': 0.5}",stairs,20,,,
5,bayes,16000,0.21769611699645186,0.21299072060519794,0.11617096448268976,0.21704345901873448,0.4972235559038893,0.830272103409754,0.8287571501900155,0.9097926926010587,0.8314647200028207,0.6106741252374539,,,,,,,,,,,,,,,,,False,,,,,50,0.7,10,"{'mdm': 'MCAR', 'missing_rate': 0.25}","{'mdm': 'MCAR', 'missing_rate': 0.5}",stairs,20,,,
5,bayes,32000,0.21483177825153002,0.21299072060519794,0.11617096448268976,0.21704345901873448,0.4968668423068277,0.8316269124999668,0.8287571501900155,0.9097926926010587,0.8314647200028207,0.6114224366492875,,,,,,,,,,,,,,,,,False,,,,,50,0.7,10,"{'mdm': 'MCAR', 'missing_rate': 0.25}","{'mdm': 'MCAR', 'missing_rate': 0.5}",stairs,20,,,
5,bayes,64000,0.2146893434387445,0.21299072060519794,0.11617096448268976,0.21704345901873448,0.4939894362308586,0.8313224608375622,0.8287571501900155,0.9097926926010587,0.8314647200028207,0.614880841788894,,,,,,,,,,,,,,,,,False,,,,,50,0.7,10,"{'mdm': 'MCAR', 'missing_rate': 0.25}","{'mdm': 'MCAR', 'missing_rate': 0.5}",stairs,20,,,
5,bayes,128000,0.21371543041213784,0.21299072060519794,0.11617096448268976,0.21704345901873448,0.49342553451741333,0.8310680008034387,0.8287571501900155,0.9097926926010587,0.8314647200028207,0.6157464017574976,,,,,,,,,,,,,,,,,False,,,,,50,0.7,10,"{'mdm': 'MCAR', 'missing_rate': 0.25}","{'mdm': 'MCAR', 'missing_rate': 0.5}",stairs,20,,,
6,bayes,1000,0.227914291324253,0.23494952274910602,0.11761754597195125,0.22366649418906073,0.51476025874484,0.8264484092081691,0.8118150519274849,0.9085887934658117,0.8261685879760676,0.5979578289436559,,,,,,,,,,,,,,,,,False,,,,,50,0.7,10,"{'mdm': 'MCAR', 'missing_rate': 0.25}","{'mdm': 'MCAR', 'missing_rate': 0.5}",stairs,20,,,
6,bayes,2000,0.23364400626758441,0.23494952274910602,0.11761754597195125,0.22366649418906073,0.5141965335273504,0.8189344867168168,0.8118150519274849,0.9085887934658117,0.8261685879760676,0.5981170389574066,,,,,,,,,,,,,,,,,False,,,,,50,0.7,10,"{'mdm': 'MCAR', 'missing_rate': 0.25}","{'mdm': 'MCAR', 'missing_rate': 0.5}",stairs,20,,,
6,bayes,4000,0.22961541340774802,0.23494952274910602,0.11761754597195125,0.22366649418906073,0.5120626695020309,0.8215525127918786,0.8118150519274849,0.9085887934658117,0.8261685879760676,0.5985487646670955,,,,,,,,,,,,,,,,,False,,,,,50,0.7,10,"{'mdm': 'MCAR', 'missing_rate': 0.25}","{'mdm': 'MCAR', 'missing_rate': 0.5}",stairs,20,,,
6,bayes,8000,0.23017610066106295,0.23494952274910602,0.11761754597195125,0.22366649418906073,0.5144641867093531,0.8219207570533864,0.8118150519274849,0.9085887934658117,0.8261685879760676,0.5962251236992449,,,,,,,,,,,,,,,,,False,,,,,50,0.7,10,"{'mdm': 'MCAR', 'missing_rate': 0.25}","{'mdm': 'MCAR', 'missing_rate': 0.5}",stairs,20,,,
6,bayes,16000,0.23033391186043856,0.23494952274910602,0.11761754597195125,0.22366649418906073,0.513935614738834,0.8212774919301525,0.8118150519274849,0.9085887934658117,0.8261685879760676,0.5960417977467753,,,,,,,,,,,,,,,,,False,,,,,50,0.7,10,"{'mdm': 'MCAR', 'missing_rate': 0.25}","{'mdm': 'MCAR', 'missing_rate': 0.5}",stairs,20,,,
6,bayes,32000,0.22902540558746398,0.23494952274910602,0.11761754597195125,0.22366649418906073,0.5123342174214717,0.8222055231170422,0.8118150519274849,0.9085887934658117,0.8261685879760676,0.5968703830954403,,,,,,,,,,,,,,,,,False,,,,,50,0.7,10,"{'mdm': 'MCAR', 'missing_rate': 0.25}","{'mdm': 'MCAR', 'missing_rate': 0.5}",stairs,20,,,
6,bayes,64000,0.22987610608958856,0.23494952274910602,0.11761754597195125,0.22366649418906073,0.5107053966651834,0.8211078013801438,0.8118150519274849,0.9085887934658117,0.8261685879760676,0.5979791015263907,,,,,,,,,,,,,,,,,False,,,,,50,0.7,10,"{'mdm': 'MCAR', 'missing_rate': 0.25}","{'mdm': 'MCAR', 'missing_rate': 0.5}",stairs,20,,,
6,bayes,128000,0.22710377070563145,0.23494952274910602,0.11761754597195125,0.22366649418906073,0.5142837513094045,0.8214378954937389,0.8118150519274849,0.9085887934658117,0.8261685879760676,0.5962408503039598,,,,,,,,,,,,,,,,,False,,,,,50,0.7,10,"{'mdm': 'MCAR', 'missing_rate': 0.25}","{'mdm': 'MCAR', 'missing_rate': 0.5}",stairs,20,,,
7,bayes,1000,0.20694239516124083,0.192790948929724,0.11434280823801776,0.19543394194504143,0.4624767686453832,0.830152165411149,0.8455267683745058,0.9096962436544205,0.8456534403254822,0.6406712660484137,,,,,,,,,,,,,,,,,False,,,,,50,0.7,10,"{'mdm': 'MCAR', 'missing_rate': 0.25}","{'mdm': 'MCAR', 'missing_rate': 0.5}",stairs,20,,,
7,bayes,2000,0.21404790808634527,0.192790948929724,0.11434280823801776,0.19543394194504143,0.46219809999204714,0.8331822128923412,0.8455267683745058,0.9096962436544205,0.8456534403254822,0.6404191427519135,,,,,,,,,,,,,,,,,False,,,,,50,0.7,10,"{'mdm': 'MCAR', 'missing_rate': 0.25}","{'mdm': 'MCAR', 'missing_rate': 0.5}",stairs,20,,,
7,bayes,4000,0.21206137708784653,0.192790948929724,0.11434280823801776,0.19543394194504143,0.4614457278261789,0.8343989948624349,0.8455267683745058,0.9096962436544205,0.8456534403254822,0.6392865909369639,,,,,,,,,,,,,,,,,False,,,,,50,0.7,10,"{'mdm': 'MCAR', 'missing_rate': 0.25}","{'mdm': 'MCAR', 'missing_rate': 0.5}",stairs,20,,,
7,bayes,8000,0.200167846182129,0.192790948929724,0.11434280823801776,0.19543394194504143,0.4603673404589184,0.8430736865102548,0.8455267683745058,0.9096962436544205,0.8456534403254822,0.6398024948428236,,,,,,,,,,,,,,,,,False,,,,,50,0.7,10,"{'mdm': 'MCAR', 'missing_rate': 0.25}","{'mdm': 'MCAR', 'missing_rate': 0.5}",stairs,20,,,
7,bayes,16000,0.2002561316325645,0.192790948929724,0.11434280823801776,0.19543394194504143,0.45568395330830985,0.846373651136209,0.8455267683745058,0.9096962436544205,0.8456534403254822,0.6429635615909546,,,,,,,,,,,,,,,,,False,,,,,50,0.7,10,"{'mdm': 'MCAR', 'missing_rate': 0.25}","{'mdm': 'MCAR', 'missing_rate': 0.5}",stairs,20,,,
7,bayes,32000,0.19811374331469334,0.192790948929724,0.11434280823801776,0.19543394194504143,0.4582938536483651,0.8472166051094498,0.8455267683745058,0.9096962436544205,0.8456534403254822,0.642136940105648,,,,,,,,,,,,,,,,,False,,,,,50,0.7,10,"{'mdm': 'MCAR', 'missing_rate': 0.25}","{'mdm': 'MCAR', 'missing_rate': 0.5}",stairs,20,,,
7,bayes,64000,0.19860582486885647,0.192790948929724,0.11434280823801776,0.19543394194504143,0.4609039657926005,0.8469800831624255,0.8455267683745058,0.9096962436544205,0.8456534403254822,0.6411890745476752,,,,,,,,,,,,,,,,,False,,,,,50,0.7,10,"{'mdm': 'MCAR', 'missing_rate': 0.25}","{'mdm': 'MCAR', 'missing_rate': 0.5}",stairs,20,,,
7,bayes,128000,0.19660086765417345,0.192790948929724,0.11434280823801776,0.19543394194504143,0.45484683380887087,0.8467662725688225,0.8455267683745058,0.9096962436544205,0.8456534403254822,0.6445423767250448,,,,,,,,,,,,,,,,,False,,,,,50,0.7,10,"{'mdm': 'MCAR', 'missing_rate': 0.25}","{'mdm': 'MCAR', 'missing_rate': 0.5}",stairs,20,,,
8,bayes,1000,0.2554257580767356,0.23832103456385106,0.11507715692269792,0.23336580558596356,0.5275894408944066,0.8050526553964265,0.8120391024624369,0.9086904252756157,0.814832647650641,0.5946055772948805,,,,,,,,,,,,,,,,,False,,,,,50,0.7,10,"{'mdm': 'MCAR', 'missing_rate': 0.25}","{'mdm': 'MCAR', 'missing_rate': 0.5}",stairs,20,,,
8,bayes,2000,0.2299026586330159,0.23832103456385106,0.11507715692269792,0.23336580558596356,0.5256219418698329,0.8245032912276742,0.8120391024624369,0.9086904252756157,0.814832647650641,0.5948023667809714,,,,,,,,,,,,,,,,,False,,,,,50,0.7,10,"{'mdm': 'MCAR', 'missing_rate': 0.25}","{'mdm': 'MCAR', 'missing_rate': 0.5}",stairs,20,,,
8,bayes,4000,0.23432323345133776,0.23832103456385106,0.11507715692269792,0.23336580558596356,0.5270731796527367,0.8218893742499322,0.8120391024624369,0.9086904252756157,0.814832647650641,0.5941457763799934,,,,,,,,,,,,,,,,,False,,,,,50,0.7,10,"{'mdm': 'MCAR', 'missing_rate': 0.25}","{'mdm': 'MCAR', 'missing_rate': 0.5}",stairs,20,,,
8,bayes,8000,0.2359610014132817,0.23832103456385106,0.11507715692269792,0.23336580558596356,0.5259645389123165,0.8195911340883824,0.8120391024624369,0.9086904252756157,0.814832647650641,0.5934465628571353,,,,,,,,,,,,,,,,,False,,,,,50,0.7,10,"{'mdm': 'MCAR', 'missing_rate': 0.25}","{'mdm': 'MCAR', 'missing_rate': 0.5}",stairs,20,,,
8,bayes,16000,0.23633889367482772,0.23832103456385106,0.11507715692269792,0.23336580558596356,0.5237007943400084,0.816830001727836,0.8120391024624369,0.9086904252756157,0.814832647650641,0.5938861064130134,,,,,,,,,,,,,,,,,False,,,,,50,0.7,10,"{'mdm': 'MCAR', 'missing_rate': 0.25}","{'mdm': 'MCAR', 'missing_rate': 0.5}",stairs,20,,,
8,bayes,32000,0.23272910724560875,0.23832103456385106,0.11507715692269792,0.23336580558596356,0.5243889966638626,0.8191437061959426,0.8120391024624369,0.9086904252756157,0.814832647650641,0.5920436431200644,,,,,,,,,,,,,,,,,False,,,,,50,0.7,10,"{'mdm': 'MCAR', 'missing_rate': 0.25}","{'mdm': 'MCAR', 'missing_rate': 0.5}",stairs,20,,,
8,bayes,64000,0.23408822588746472,0.23832103456385106,0.11507715692269792,0.23336580558596356,0.5275570954504233,0.8182524030892789,0.8120391024624369,0.9086904252756157,0.814832647650641,0.5908750750281435,,,,,,,,,,,,,,,,,False,,,,,50,0.7,10,"{'mdm': 'MCAR', 'missing_rate': 0.25}","{'mdm': 'MCAR', 'missing_rate': 0.5}",stairs,20,,,
8,bayes,128000,0.23409543998614507,0.23832103456385106,0.11507715692269792,0.23336580558596356,0.5267710509114527,0.8174151459426956,0.8120391024624369,0.9086904252756157,0.814832647650641,0.5903519302806335,,,,,,,,,,,,,,,,,False,,,,,50,0.7,10,"{'mdm': 'MCAR', 'missing_rate': 0.25}","{'mdm': 'MCAR', 'missing_rate': 0.5}",stairs,20,,,
9,bayes,1000,0.21682860761199135,0.2204776162173791,0.11940337228388416,0.21943510611601688,0.45391016065868445,0.8464129728049049,0.8303462348224186,0.9068275518366458,0.8287711171070985,0.6427836763626498,,,,,,,,,,,,,,,,,False,,,,,50,0.7,10,"{'mdm': 'MCAR', 'missing_rate': 0.25}","{'mdm': 'MCAR', 'missing_rate': 0.5}",stairs,20,,,
9,bayes,2000,0.20337805749625884,0.2204776162173791,0.11940337228388416,0.21943510611601688,0.45259056312923657,0.8449393353193743,0.8303462348224186,0.9068275518366458,0.8287711171070985,0.6423644532730992,,,,,,,,,,,,,,,,,False,,,,,50,0.7,10,"{'mdm': 'MCAR', 'missing_rate': 0.25}","{'mdm': 'MCAR', 'missing_rate': 0.5}",stairs,20,,,
9,bayes,4000,0.21365650331753336,0.2204776162173791,0.11940337228388416,0.21943510611601688,0.4581872992954496,0.8340263931895351,0.8303462348224186,0.9068275518366458,0.8287711171070985,0.6389287598280664,,,,,,,,,,,,,,,,,False,,,,,50,0.7,10,"{'mdm': 'MCAR', 'missing_rate': 0.25}","{'mdm': 'MCAR', 'missing_rate': 0.5}",stairs,20,,,
9,bayes,8000,0.21860640322378952,0.2204776162173791,0.11940337228388416,0.21943510611601688,0.46053295482877776,0.8276438537991946,0.8303462348224186,0.9068275518366458,0.8287711171070985,0.6386404497273123,,,,,,,,,,,,,,,,,False,,,,,50,0.7,10,"{'mdm': 'MCAR', 'missing_rate': 0.25}","{'mdm': 'MCAR', 'missing_rate': 0.5}",stairs,20,,,
9,bayes,16000,0.2172327741847419,0.2204776162173791,0.11940337228388416,0.21943510611601688,0.46465774793926123,0.8290799179138684,0.8303462348224186,0.9068275518366458,0.8287711171070985,0.6363992900844813,,,,,,,,,,,,,,,,,False,,,,,50,0.7,10,"{'mdm': 'MCAR', 'missing_rate': 0.25}","{'mdm': 'MCAR', 'missing_rate': 0.5}",stairs,20,,,
9,bayes,32000,0.2170209191339012,0.2204776162173791,0.11940337228388416,0.21943510611601688,0.46848584893369793,0.8298177100895039,0.8303462348224186,0.9068275518366458,0.8287711171070985,0.6341055350591557,,,,,,,,,,,,,,,,,False,,,,,50,0.7,10,"{'mdm': 'MCAR', 'missing_rate': 0.25}","{'mdm': 'MCAR', 'missing_rate': 0.5}",stairs,20,,,
9,bayes,64000,0.21273565817279938,0.2204776162173791,0.11940337228388416,0.21943510611601688,0.46695010218899724,0.8328629718170477,0.8303462348224186,0.9068275518366458,0.8287711171070985,0.6344308580095045,,,,,,,,,,,,,,,,,False,,,,,50,0.7,10,"{'mdm': 'MCAR', 'missing_rate': 0.25}","{'mdm': 'MCAR', 'missing_rate': 0.5}",stairs,20,,,
9,bayes,128000,0.212682087411152,0.2204776162173791,0.11940337228388416,0.21943510611601688,0.4693359388413539,0.8336738186389363,0.8303462348224186,0.9068275518366458,0.8287711171070985,0.6335857099384752,,,,,,,,,,,,,,,,,False,,,,,50,0.7,10,"{'mdm': 'MCAR', 'missing_rate': 0.25}","{'mdm': 'MCAR', 'missing_rate': 0.5}",stairs,20,,,
